Week,Start Date,LinkedIn Posts,LinkedIn Engagements,Medium Articles,ethresear.ch Comments,Reddit Comments,Reddit Posts,Farcaster Casts,Telegram Updates,Total Views,Total Followers Gained,Hours Spent,Notes
W1,2026-04-03,0,0,0,0,0,0,0,0,0,0,0,
W2,2026-04-10,0,0,0,0,0,0,0,0,0,0,0,
W3,2026-04-17,0,0,0,0,0,0,0,0,0,0,0,
W4,2026-04-24,0,0,0,0,0,0,0,0,0,0,0,
W5,2026-05-01,0,0,0,0,0,0,0,0,0,0,0,
W6,2026-05-08,0,0,0,0,0,0,0,0,0,0,0,
W7,2026-05-15,0,0,0,0,0,0,0,0,0,0,0,
W8,2026-05-22,0,0,0,0,0,0,0,0,0,0,0,

TARGETS (Weekly)
Target,,7,70,2,15,50,1,15,7,,,42,
